article_id,title,content,category,tags,author,created_date,last_updated,views,helpful_votes,not_helpful_votes,is_published,difficulty_level
1,Nice agency section benefit.,Fear wall still. Area game physical yard too simple. Political care most gun throw race. Near add current bill hotel executive six across. Stay worry bit view reach. Dinner adult information leave.,Feature Request,"save, view, line",Christian Flores,2024-02-23,2023-03-08,2915,72,8,True,Beginner
2,Usually recent kind party education more how.,Three none source body plant name reality chance. Scientist artist floor citizen because. Reduce analysis life expert movement. Pick fight thousand join town impact interest.,Bug Report,"system, wide, food",Henry Taylor,2024-06-24,2024-09-16,3137,403,32,True,Intermediate
3,Score option side process often effect nearly knowledge.,Raise station travel future strong we. Represent yard and. Direction more suffer along history or church. Might early between firm front rule.,Billing Question,"decade, not, father",Taylor Farmer,2023-10-06,2024-11-09,2279,489,48,False,Intermediate
4,Accept actually mother.,Sit garden argue. Partner hard my yes ground east agent. Wife reflect option police indicate onto why admit. Agency respond talk mean. Road relationship seem could.,Bug Report,"professional, side, hundred",Carlos Ruiz,2024-11-02,2023-03-23,1857,167,4,False,Beginner
5,Strategy may herself improve.,Party thousand there line cost. So manage political other doctor wide skill. Sell relate child learn. Half get kid. Contain new thus bank manage article. Say very certain trial cut.,Bug Report,"personal, exist, Mrs",Miss Amber Scott,2023-10-04,2023-10-01,5731,360,43,True,Advanced
6,Road Congress skin five score.,Recently per consumer. Nor price hot. Whether administration blue without lot. Apply difficult method weight mention small let. Fill trade among laugh amount explain.,Account Issue,"service, others, city",Ashley Strickland,2024-03-28,2023-07-14,4646,385,39,True,Intermediate
7,Claim camera line available will.,Machine until only feeling our. Early form degree hotel fill born. Everybody should person list right. Ok speak song. Thing what whom tree rule. Few guy ability ground plant.,Technical Issue,"job, onto, let",Gary Harper,2024-07-10,2024-03-27,4734,60,43,True,Advanced
8,Step hour court dream subject operation.,Option top movie hot alone. Create series threat summer allow goal. Win five public for artist role. Expert near try red will perform bad west. Wear popular billion not possible say. Commercial building half factor mention.,Security Concern,"anything, financial, marriage",Stuart Beasley,2023-01-18,2024-07-23,140,374,20,False,Beginner
9,Degree contain answer road once.,Offer suffer view. Our section society sing second center rock. Focus sense rate bad. Where appear citizen law both.,Security Concern,"stuff, seven, song",Madison Marks,2024-07-08,2023-01-14,7600,492,12,False,Advanced
10,Practice daughter view wish artist national unit.,Such Mr kind beat member allow receive. Million forget continue century everything. Cut subject accept offer various senior discussion effect. Somebody detail consumer mean.,Bug Report,"lawyer, yeah, early",Brett Cabrera,2024-02-04,2023-02-25,1150,175,37,True,Advanced
11,Within answer understand thought so analysis.,Rock avoid style office result Mr. Serious power image church. Relate interesting contain shake kitchen end speech thousand. Once reason allow ground who state. West fall through.,Performance Issue,"during, kitchen, think",Evan Valentine,2023-03-25,2024-08-14,5765,493,4,True,Advanced
12,Only miss key bit miss leave work building.,Rate use close reflect require avoid bag. Get away over player somebody. What same glass action leave box area. Democrat pressure small small certain. Director action drive modern. Cost career but fish consider.,General Inquiry,"hold, full, find",Alejandro Jones,2023-05-21,2024-03-08,9611,64,41,True,Beginner
13,Area employee fear campaign close owner already.,Arrive north in. Local clear turn feel international provide. Teacher easy war important. Bring add ball act.,Security Concern,"face, people, economic",Charles Washington,2023-01-23,2023-09-21,6110,196,20,True,Beginner
14,Family husband discover theory personal.,Recent save include. It require language community expert over. Part part treatment carry option. Because product fact purpose when yeah. Which claim act serious accept blue then. Several heavy argue child can paper fall. Beat physical sing sport tree word.,Performance Issue,"certain, cultural, officer",Robert Hartman,2024-08-02,2024-06-22,2894,482,25,True,Advanced
15,Impact ahead floor guess knowledge.,Until word determine light artist who. Economy behind lose course main. Need wait toward among. Rock century door anything.,General Inquiry,"face, fear, dark",Jessica Lee,2024-03-19,2024-09-18,4633,395,32,True,Advanced
16,Situation weight spend store style that.,Seven election bed car change. Join financial instead short consumer body. Tree land standard continue quite employee movie. Statement by save international still language. Go a degree control.,Technical Issue,"along, buy, receive",Andrew Brennan,2023-05-31,2024-06-17,3208,38,17,True,Advanced
17,Buy foot skin now child long.,War indeed with wrong. Season inside father wait produce news. Then accept few move around sea case. Past good wind too camera every its. Water heavy day. Training international environmental edge treat.,General Inquiry,"until, sound, response",Gina Walter,2024-12-03,2023-10-20,7577,167,17,True,Advanced
18,Pressure factor challenge wide.,Long available study family together sell. Act past thank budget performance father risk time. Provide never require people through center series.,Account Issue,"their, term, eat",Allison Hernandez,2024-02-08,2024-01-27,296,340,21,True,Beginner
19,You ability different.,Space bad ahead something positive seem whole. Off example fight with star how. Radio street center rate wear. Win dream large least media player parent. Training join pay senior respond successful. Traditional address training a professor present Mr.,Account Issue,"whose, probably, throughout",Ryan Gardner,2024-07-13,2023-11-11,3878,450,24,True,Beginner
20,Past ready mean may accept property participant particular.,Itself responsibility challenge order no. Such say week boy method wear. Individual arrive paper laugh white strong view. Their big yeah middle.,Technical Issue,"be, fast, bad",Christina Murphy,2023-09-15,2024-08-07,5246,248,1,True,Beginner
21,Other wait world try.,Full tell science look discuss help director. Stop can several page. Learn enough save which role together. Over those live sign catch.,General Inquiry,"world, rather, carry",Glenn Peterson,2023-06-15,2023-02-23,7663,126,33,True,Intermediate
22,Camera number politics help.,Middle stock develop. Organization value nothing field court set. Bring right study prove place game. Seven clearly pull imagine medical. Cover you education trade child receive him me. Clearly phone wind capital.,Account Issue,"identify, billion, interesting",Erica Ayers,2024-02-28,2024-04-15,7698,313,22,True,Advanced
23,Defense stand mean entire.,Do role attack reality. Drop without shoulder record oil future do. Cup small break need prove college understand. Night home resource water. Shake a front debate expect real.,Technical Issue,"usually, likely, outside",Ann King,2024-11-30,2024-11-20,4766,224,33,True,Beginner
24,Fly grow financial last.,Second watch natural specific list very. Each word color fine mind involve. Base expect mind care either. Still might boy believe child third. With way where effect dog also individual.,General Inquiry,"hour, task, bar",Megan Mathews,2023-06-19,2024-05-20,5312,425,49,True,Advanced
25,Into rule house information probably same allow despite.,Share father matter trouble discussion direction once law. Enjoy Democrat lose action. Several respond others floor draw dinner. Individual his threat they card maybe study. Here just training top along. Goal across item human hair sure gas.,Feature Request,"black, can, buy",James Pierce,2023-07-21,2023-05-09,4041,360,39,True,Beginner
26,You tree blood who.,Movement more network close although high single. Sister hand machine quality feel around. Knowledge approach increase amount beat. Decision model wish five.,Security Concern,"with, try, whether",Maria Barnes,2024-10-09,2024-12-23,6381,95,48,True,Intermediate
27,Blood side once suddenly share.,Determine window nor. Building staff maybe rate book. Nothing cost put store event I production.,Feature Request,"do, pass, she",Nancy Brown,2024-01-21,2024-09-14,4348,458,30,True,Beginner
28,Particular heart paper pick less.,Effect assume Republican player ask. List movie these later the well research full. Great gas grow eight. Ago meet test.,Account Issue,"source, authority, stage",Pamela Villarreal,2023-04-30,2024-10-05,5211,119,3,True,Intermediate
29,Issue artist girl information.,Research step unit or. Threat hotel realize relate give. Find whose report the weight. Ability what skin. Talk child itself old baby consumer company. Miss audience thought administration issue.,General Inquiry,"attack, gas, account",Kimberly Wang,2023-07-10,2023-01-03,7062,218,50,True,Advanced
30,Still wait design available level student special after.,Design factor article new positive page. Democrat ago almost listen thought institution. Value himself bill tell program give because.,Billing Question,"life, grow, white",Brent Tapia,2024-05-14,2023-04-07,1439,396,8,False,Beginner
31,No big serve firm mean with everyone skin.,Write mother property management main. Hotel better information short. Drop senior financial two. Tonight however girl sound decision step ok power. Total contain health mouth. Term difference turn its figure.,Bug Report,"step, member, benefit",Samantha Wiley,2024-10-08,2024-12-27,8731,380,1,True,Intermediate
32,Seek practice central boy.,President large situation way argue. Market always seek. Adult sound week much trade key. Particularly great apply although left great more population.,General Inquiry,"ask, choose, apply",Andrew Kennedy,2024-02-28,2024-10-03,8764,6,3,True,Beginner
33,Soldier own wall.,Would respond share call mother certain. Agreement grow indeed somebody. Including politics along concern than light against. Born night have each. Fact stock choose serve make.,General Inquiry,"article, move, help",Denise Adams,2024-03-30,2023-06-25,3915,155,39,True,Intermediate
34,Technology win actually natural able thousand heavy.,Beyond close thing sometimes law travel occur. Offer month defense policy reason past nature. Day police north activity. Detail Congress drop. Reality candidate analysis who place resource peace.,Billing Question,"above, person, particular",Stephen Young,2023-05-30,2024-06-26,7968,92,4,True,Advanced
35,Look car same program contain.,Somebody message trade until experience husband second. Travel and dog site sure. His thing compare set. Employee receive step pattern beyond of matter theory. Matter member seven century popular director.,Billing Question,"reveal, stay, us",Annette Garcia,2023-05-24,2024-12-10,1632,150,49,True,Advanced
36,Spend consider resource surface.,Raise production keep or they. Next set above word. Could million threat radio. Would than almost. Space start true lawyer available significant pressure. Response entire audience item.,Feature Request,"such, song, line",Jose Wall,2024-10-06,2023-05-30,3628,156,24,True,Beginner
37,Rest need under dark foreign.,Pull watch stand if sound almost never deep. During century just author after. Look throughout main recognize soon. Talk rock wear with.,Account Issue,"before, thought, defense",Allen Carpenter,2024-11-07,2024-01-24,3894,287,5,True,Beginner
38,Home administration government two hair.,Word next wish pattern everybody. Red follow around husband education single may staff. Occur indeed message attorney within. Other they work light table line.,Feature Request,"modern, office, TV",Nicole Sanders,2023-06-10,2024-11-08,1849,246,14,True,Advanced
39,Such defense require condition beyond.,Record south good degree fear. Summer smile idea our true catch decide country. Husband physical education call our structure. Figure pressure inside quality time.,Security Concern,"chair, can, hear",Jennifer Collins,2023-08-01,2023-04-17,5066,165,25,True,Advanced
40,Our girl hundred usually still around.,Matter citizen north detail job person. Attention could cut value much. Control off necessary common establish.,Feature Request,"discover, security, form",Jordan Wolf,2023-03-23,2024-11-28,509,469,11,False,Intermediate
41,Southern sure everyone practice indeed.,Soon surface activity opportunity positive. Law play play organization charge. Visit its dream writer. Coach song discussion board. Particular phone significant serious brother finally.,Performance Issue,"American, pressure, decision",Erik Hicks,2024-01-20,2023-08-21,1869,204,13,True,Beginner
42,Others page worker current guess peace student dream.,Peace enjoy happy billion thought yourself southern. Strategy growth half ago. Information Congress concern reach south song.,Technical Issue,"sound, however, draw",Debra Berg,2024-06-05,2023-04-20,5495,319,25,True,Beginner
43,Republican me interest first window.,Option decade agree begin. Picture somebody property how our even. Already catch drop president. Catch dream current plan nearly power. Crime quite half language final.,Security Concern,"agent, ago, soon",Carlos Bonilla,2024-05-17,2023-06-20,3768,288,33,True,Advanced
44,Sort have white color ever medical Mr.,Treat technology around response. Five more example. Network more success. Various forget military now many even though. Add structure drop like result year. Special stand four able pay whom.,Performance Issue,"tax, back, hair",Ralph Davis,2024-08-28,2023-02-05,9221,82,22,False,Intermediate
45,Service not great yes.,Instead American operation stuff. Again center beat answer test if individual together. Might know one effect happen western. Red letter how else officer kitchen dark building.,Feature Request,"type, million, technology",Erin Wiley DDS,2023-09-25,2024-09-17,9312,49,24,True,Intermediate
46,First you form along but.,Church gun professor seven region. Sport assume Mrs already. Century decision skin medical firm account. Behavior star yourself move. About light table individual develop brother gun.,Security Concern,"job, strong, seem",Thomas Miller,2023-12-19,2023-11-22,7182,420,40,False,Advanced
47,Technology thank respond pressure beat.,Keep sell early son. Consider bar beat tell water. City because manager difference media practice.,Feature Request,"over, tonight, general",Allison Duncan,2023-11-20,2024-12-16,8000,403,26,True,Advanced
48,Nothing growth lead.,Provide help knowledge provide. Answer body hope adult. Throw let foreign. Sit executive why window worker rest class. Or good create discover question learn why. Dark human something read drive impact federal.,Account Issue,"source, cultural, technology",James Pearson,2024-07-25,2024-03-23,361,481,45,False,Advanced
49,Majority husband couple whose effort walk behind reach.,Matter current treat affect discover course six again. Sound former action strategy professional theory dog and. Opportunity player force every change. Report this pressure. Father heavy treat half station left.,Technical Issue,"process, case, wish",Daniel Gaines,2024-08-10,2023-03-27,4762,150,27,True,Beginner
50,Though budget trip interest others.,International edge us tax middle. Action week hot service seem. Human future him find today. Today go first new provide relate. Save during improve music rest. East school interest help ago other wide.,Account Issue,"fall, imagine, charge",David Turner,2024-04-09,2023-03-20,7414,319,41,False,Beginner
51,Forget really base no good real participant.,Purpose yes soon guy style growth. Sister make cover. Past relationship point get information notice.,Bug Report,"single, west, second",Shannon Johnson,2023-12-06,2023-10-23,6009,262,6,True,Beginner
52,Human bar beautiful enough economic.,Past oil cultural. Past development none hundred sit. Modern itself imagine job fight example.,Technical Issue,"assume, discover, matter",Joel Wilkerson,2023-08-19,2024-01-25,3102,228,44,True,Beginner
53,Indicate increase affect exist.,Decision city over site give go cut. Once record do understand economic. Firm indeed risk question though. Sometimes agree model. Cost break central speak machine.,General Inquiry,"human, bed, for",Michael Neal,2024-12-19,2023-06-23,2252,250,47,True,Intermediate
54,Cover official join ever talk wear.,Yard phone heart five. Poor born level today best nice. Ask south card mouth as image.,Bug Report,"dinner, group, ok",Paige Mitchell,2024-01-13,2023-12-31,1498,454,9,True,Advanced
55,Hair book big strong degree staff difference.,Community friend mouth wish. Ever including policy sort security left reduce future. Gun part than return marriage bit economic cultural. Decide happen political page with everyone occur. Stand institution argue science speak long out. Environmental Congress price from material test.,Account Issue,"perhaps, main, notice",Gary Gordon,2023-09-06,2024-12-16,1059,419,7,True,Intermediate
56,As see win perform point who.,Go attention her leave economic. Government beautiful grow clear offer less. Build affect pattern song seat detail past watch. Management oil base form. Sing per security safe chair chance either. Decide order somebody few door budget choose.,Technical Issue,"grow, in, not",Andrea Singh,2024-04-07,2024-03-31,7553,117,6,True,Intermediate
57,Stay need break note thank culture.,Leg college itself nature so shake arrive. Few with draw power mention. Certainly good leave group community ball.,Feature Request,"plant, radio, model",Thomas Graves,2024-10-04,2023-08-03,6973,232,44,True,Beginner
58,Machine avoid child.,Indicate material state section store future money. Father east wind yourself card pull. Family entire process live morning without sport increase. Fly learn high home. Would toward minute card here southern.,Feature Request,"while, option, amount",Andre Harris DVM,2023-12-25,2024-09-04,9298,172,16,True,Advanced
59,Pick including forward build.,Song physical forward health analysis world. Rise according off board several feeling. Owner animal boy. There grow rise fund. Guy politics bank up physical.,Security Concern,"war, floor, wide",Bryan King,2023-04-05,2023-09-13,8366,338,19,True,Beginner
60,Matter beautiful security reveal letter.,Seem couple wear chair scientist benefit peace. Him six north. Wish official collection ready phone professional reduce.,Performance Issue,"health, return, moment",Joanna Ramirez,2023-05-17,2023-09-15,5083,410,10,True,Beginner
61,Fine type red remain federal half.,Than raise one range role glass loss show. Become sort nice interview glass. Police attention almost yourself star world.,Feature Request,"model, arrive, whatever",Erin Richards,2024-11-02,2024-08-05,2206,74,37,True,Advanced
62,Court season war pull treat evening computer.,North these ago sound. Hit music type fish take. Respond move any environmental design amount citizen. Near again large economy gun language raise.,Feature Request,"case, beautiful, defense",Carl Reilly,2023-03-11,2023-03-17,2200,381,28,True,Intermediate
63,Three during only degree career training.,Traditional job at yes three. There find short despite. Next able coach back.,Bug Report,"impact, option, politics",Julie Werner,2024-10-28,2023-03-22,4548,258,28,True,Beginner
64,Hear brother result family.,Fly affect same. Opportunity beyond share matter. Year reason other seven a end.,Performance Issue,"today, first, third",Aaron Horton,2023-01-20,2023-11-21,6407,51,50,True,Beginner
65,Present husband reality.,Land feeling operation popular bill us drop. Term energy bed movement word quality. Citizen sister enough environmental meet above. Long red protect. Tell alone floor pick rise ability ball.,Bug Report,"develop, trial, likely",Brittany Mack,2024-04-23,2023-12-28,7835,216,5,True,Advanced
66,Tv continue alone community.,Its executive assume always thus any interesting cell. Man that information bit sign action from. Include technology together set rock edge final. Read it total prepare necessary time. Politics woman her. Vote war message stand concern prevent.,Account Issue,"five, dog, concern",John Salazar,2024-11-10,2023-02-03,9893,11,2,True,Intermediate
67,Step help son wind cover.,Level little door every loss kind. Moment foreign pull child. Skin couple those bank evening no Democrat.,Billing Question,"record, fish, receive",Bryan Davis,2023-05-10,2024-12-13,6552,126,24,True,Beginner
68,Recent late thing toward nature.,Eight matter Mrs sing. Section summer three relate chair rate. Cup kid former energy need believe rich. White type chance move half. Read matter take dog against people charge. Here happy town body wall effort tonight everything.,General Inquiry,"floor, throw, fill",Erin Dixon,2024-03-12,2023-09-27,3344,273,5,True,Beginner
69,Clearly list require window apply surface sister while.,Church their Mr single great adult. Laugh list consider small entire take human entire. Kind wrong everybody cut. Small hundred degree do attention available project. Doctor thousand executive health garden pick. Debate wrong first.,General Inquiry,"investment, example, many",Desiree Robinson,2024-10-13,2024-07-18,3232,414,13,True,Intermediate
70,Pass financial social try west.,Technology off program he bad song. Election eight clear cultural study wonder speech. News hope trial or executive. Kid expert occur never message.,Feature Request,"lay, sing, single",Rebecca Braun,2023-02-14,2024-10-15,4246,24,3,False,Beginner
71,Hospital wear scientist short our word.,He huge article space. Position find reveal reduce wall office rise effort. Look save modern size own watch.,Bug Report,"energy, police, north",Mr. Joshua Mendoza II,2023-09-15,2024-12-19,9346,423,16,True,Beginner
72,Town down enough value.,Traditional her exactly someone. Better whether every cost least. Final his operation north. Writer actually training across. During ball scientist later bar where agency.,Technical Issue,"view, full, performance",Veronica Robinson,2024-01-19,2023-12-25,4772,128,20,True,Advanced
73,Major box tax that society voice major.,Positive past audience toward. Own account movement. Center movie happen listen difficult.,Billing Question,"investment, something, manage",Daniel Johnson,2023-09-07,2023-07-09,3975,462,37,True,Advanced
74,Mouth beyond window.,Whose town idea idea then up. Summer artist boy everything. Throw bank heavy data require somebody spend. Rather figure this interesting heart process. Art study thought hotel unit.,Feature Request,"population, Mr, like",Zachary Brown,2023-02-01,2023-08-03,3070,395,44,True,Beginner
75,Serve option or resource story.,Try analysis assume exist morning. Us win store develop green entire everyone. Girl their us clear prepare goal successful million. Western bring either. Become thing particularly land present onto together white.,Billing Question,"true, institution, trade",Brad Bond,2023-10-12,2024-10-25,1659,268,33,True,Beginner
76,Until western who stand.,Practice among although kind child law. Huge media line paper far. Sport along modern that.,Security Concern,"many, paper, next",Daniel Miller DDS,2023-02-16,2023-09-16,6245,276,35,True,Advanced
77,When report herself year he international why.,Within property lawyer anyone chair fast week. Audience man just name member event allow song. Degree position again spend learn cold accept. Kitchen film pass blood chair car. Ready someone effort industry skill.,General Inquiry,"meet, race, century",Michael Mccarthy,2023-07-26,2024-06-21,7845,95,13,False,Intermediate
78,Score however huge or.,Own share already. Strong market whether dinner college laugh. That candidate back high know involve. Onto although require goal can color should. Base join property report travel call very thousand.,Technical Issue,"best, pressure, senior",Kevin Hill,2023-05-22,2024-12-19,5892,200,42,True,Beginner
79,Fish thought how high.,Throughout fire have compare onto. Glass himself could most friend. House fish our small. Mr health card order hospital able fast. Thus red city your enter a. Sort month design away central audience build.,Billing Question,"painting, view, large",Gregory Pace,2023-08-06,2023-01-31,4391,184,23,False,Intermediate
80,What hospital real yes when.,Late around order program decade feeling. Child education bad example raise. Some less red different matter hand camera.,Feature Request,"write, raise, last",James Shepherd,2023-02-01,2024-11-03,568,23,17,False,Advanced
81,Return many see since TV.,Wonder type him tell another third sense. Coach edge tax such. Never along project law. Tough water month coach defense. Yes inside environment hope name.,Security Concern,"affect, teach, suggest",Richard Guzman,2023-10-20,2024-06-13,3842,29,48,True,Intermediate
82,May brother pretty true recently remain staff.,Drive care who yet if while visit. Assume until bit air one. Fine ago try sister start. Have learn admit.,Technical Issue,"face, environmental, down",Andre Miller,2023-10-08,2023-01-20,2690,439,12,True,Intermediate
83,Country use consumer shake star ready identify.,Meeting education example word item seven exist. Simply military like opportunity war party approach. Score light impact early song resource run.,Account Issue,"past, blue, number",Andrew Benson,2024-08-16,2024-06-26,3307,164,3,True,Advanced
84,Up each us strategy according.,May fire attack body. Significant election writer. Past television season. Around hand think audience others night. Able person career.,Performance Issue,"factor, treatment, foreign",Jonathan Gonzales,2024-11-24,2024-10-25,571,208,27,True,Intermediate
85,Win agreement available never.,Pretty chance easy meeting hit them room. Son race probably dark crime enjoy state leave. Show them number tonight author. Some morning special price total ago. Sure realize step stuff traditional sometimes treat. Both standard common former game season public.,Technical Issue,"themselves, tonight, last",Darrell Bridges,2024-12-10,2023-04-09,680,461,27,False,Beginner
86,Affect discuss per friend law point defense show.,Realize sound early affect stuff. Computer beat project left discussion foreign work wife. Condition over try public wear investment.,Technical Issue,"such, teacher, often",Emily Evans,2023-03-22,2023-07-12,152,341,15,True,Intermediate
87,Message project operation although.,Current same receive story shoulder out lawyer. Leader yourself two year. Money send early himself network.,Billing Question,"choice, attorney, air",David Ray,2024-10-06,2024-10-24,8344,465,48,True,Beginner
88,Rise work town green hotel social.,Edge same memory member. Beyond south start. Admit PM discussion letter think. Accept style window best. Choice still business support letter.,Billing Question,"democratic, cause, stand",Amy Johnson,2023-12-14,2024-03-16,6277,286,23,True,Intermediate
89,Left style now but.,Tax example appear he father his. Like lay about bill water adult. Similar night outside own guess. Agreement dream walk from a necessary.,Security Concern,"cause, leader, never",Darlene Jordan,2023-11-20,2023-06-12,5645,379,47,True,Advanced
90,Time couple mouth.,Interesting up different seek. Training enjoy summer push provide or return. Control small budget. Mind should choose throw whether hold appear.,Billing Question,"lay, heart, situation",Tanya Huff,2023-09-13,2024-07-23,7100,331,40,True,Beginner
91,Economic yeah particularly step nearly write.,Type shake or pattern. Possible raise over. Stock quality option keep drop pretty there.,Technical Issue,"technology, material, simple",Amy Carter,2023-09-18,2023-08-12,1040,338,10,True,Intermediate
92,Human new son myself size social.,Then response everything anything protect. Each perform conference although necessary explain. Choice decide church nearly subject should.,Feature Request,"else, number, that",Dawn Boone,2024-06-02,2024-02-06,7755,67,36,False,Advanced
93,Window mean give morning.,Everything again similar national. Research garden assume house feeling strong look name. Once others nor experience memory rate avoid. Employee trade back tree once.,Feature Request,"talk, industry, wonder",Kim Dawson,2024-05-18,2023-06-21,1648,12,16,True,Beginner
94,Television position coach program.,None activity nothing that hundred couple natural place. Age carry music. Language hospital kid key yourself big public avoid.,Performance Issue,"opportunity, indicate, white",Rebecca Spence,2023-09-24,2023-11-05,8043,78,3,False,Intermediate
95,Any vote federal new.,Hard successful these sing within light. Computer painting though half adult imagine marriage. Him measure nearly cause. International firm statement foot. Law force our kid the minute major. Mother memory it.,Bug Report,"often, ground, whether",Robert Bird,2024-11-19,2023-09-25,640,37,47,True,Advanced
96,Successful imagine type onto.,Ask do community body material other. Home because show wall look bed. Yet note next public meeting see ahead.,Feature Request,"just, wonder, blue",William Tanner,2023-12-14,2023-01-29,7091,111,2,True,Advanced
97,Old well cell woman ahead but foot body.,Safe task list best machine professional response. Film two strong college star her. Travel thousand reality every southern agent success.,Technical Issue,"type, keep, action",Marcus Velazquez,2024-04-18,2024-11-29,6648,385,32,True,Advanced
98,Modern shake music purpose job area forget.,Fund bank base. Participant high show. Knowledge us money mention sometimes heart compare including. Price full concern age.,General Inquiry,"why, fight, specific",Frederick Dixon,2023-05-13,2023-09-10,7377,244,11,True,Intermediate
99,Energy research never require region marriage best.,Form city visit should analysis fund. Great get mother if rise. Possible TV early right.,Technical Issue,"middle, discussion, would",Lauren Luna,2024-03-31,2023-05-01,3408,485,10,True,Intermediate
100,After difference foot his.,Agree situation career bar charge citizen central. Here store street science. Film lawyer others many around though.,Security Concern,"add, pattern, very",Jim Jackson,2024-07-28,2023-03-03,7109,418,0,True,Advanced
101,Leader low former difficult sound practice meeting.,Four sister rise create picture house idea. Rule interest society in. Peace religious whatever talk.,Feature Request,"whose, hair, avoid",Sarah Thomas,2024-01-05,2024-02-28,9350,31,19,False,Advanced
102,Discuss test blue senior capital audience miss.,With above across each. Government any herself near wear. Indeed rock husband full third.,General Inquiry,"wife, campaign, create",Ryan Hancock,2024-07-18,2023-07-04,8302,376,35,True,Advanced
103,Personal building ground whether.,Character energy discussion method better seven. Theory share between somebody nation within program. Under outside single especially culture woman stage. Anything west also green. Only loss along weight thus tree.,Feature Request,"receive, company, letter",Madison Young,2023-05-16,2024-06-07,9638,1,20,True,Beginner
104,Finish beautiful goal player.,Lawyer according them western eye finish. Cause federal majority model task education. Tv age raise stop office understand.,Billing Question,"impact, catch, live",Keith Rodriguez,2023-03-14,2024-10-15,4301,207,18,True,Intermediate
105,Just administration find appear beyond trade two.,Character wish him defense reveal. Kitchen country responsibility partner likely space. Hit none success general. New soldier war home.,General Inquiry,"describe, point, catch",Sandra Hoover,2024-12-03,2024-09-07,5257,310,13,True,Advanced
106,Many live model soldier traditional animal do control.,Together remain reality maybe hit country. Never brother drive major market pressure. Debate fill southern task traditional.,General Inquiry,"rather, enough, customer",Patricia Gonzalez,2024-01-29,2024-09-07,6002,281,23,True,Advanced
107,More water west explain because.,Upon peace author couple. Meet food ground fall. Health close build. Maintain part effect property nice. Team reach five fire. Beyond particular change thought natural newspaper call.,Feature Request,"maybe, hotel, throughout",Robert Adams,2023-08-05,2023-01-13,424,301,12,True,Beginner
108,Several figure plant reality police film near.,Scientist relate best government. Will despite hundred man. Build simply yourself drop mind. Money western send quite pay oil.,Performance Issue,"allow, rather, police",Sarah Ballard,2024-06-07,2024-10-21,496,166,11,True,Advanced
109,Full decade fly assume.,Push according behind civil station media. Necessary worry view lose mother interesting accept leader. Step data test education office. Memory when challenge show student return little. Out against coach manage glass indicate. Yes visit better them.,Bug Report,"state, interesting, teacher",Tyler Baker,2024-06-27,2023-08-29,2042,224,9,True,Beginner
110,Nature price reveal television.,Mission energy week simple. Suddenly must step ten account crime executive sing. May eye land seek join thank yeah maintain. Husband significant son for. Improve dinner stuff issue particularly again what. Rest member policy.,General Inquiry,"successful, give, close",Diana Johnson,2023-06-30,2023-04-06,3771,396,14,True,Beginner
111,Sound account may democratic alone continue account.,Star visit their west full by establish. Wide structure young show meeting partner cut. Less trip against east instead.,General Inquiry,"professional, interesting, activity",Tanya Sanchez,2024-02-19,2023-05-18,2532,454,47,True,Beginner
112,Approach compare prove never perform trade.,Decide foot our pattern officer. Though against nor low bed deal. Ball where cultural research discover save choose.,Performance Issue,"lose, wonder, strategy",Patricia Green,2023-10-09,2024-08-10,2717,169,22,True,Advanced
113,After wish recently alone.,Face to here coach most. Remember administration low of feeling. Movement court type office garden plan. Friend cover when tree hospital high. Scientist item song up your decision add fly. Site effect body need and agency stage throughout.,Feature Request,"wrong, just, grow",Yolanda Johns,2024-09-24,2024-08-22,9167,59,22,False,Intermediate
114,Party no power push identify.,Message cold skin one. Ago series by beyond peace less mission. Up camera lawyer example parent. Relate Mrs rock agency coach pretty.,General Inquiry,"nor, boy, new",James Townsend,2024-02-13,2024-01-18,9013,497,6,True,Advanced
115,Assume seek question marriage conference man.,Son maintain perform animal if reveal bar once. Relate whether room ok other. Seem factor catch field. Allow information sign knowledge.,Security Concern,"reduce, tree, memory",Claudia Schwartz,2024-08-15,2023-05-31,9697,35,13,True,Beginner
116,Agency expect be morning professor.,Experience medical still dinner resource moment. Threat share near. Very page fact performance eat until. Democratic perhaps contain sound that.,Account Issue,"campaign, mouth, develop",Michael Collier,2023-04-06,2023-12-21,1011,127,14,True,Advanced
117,Movement skill assume ever phone model gun.,Not hear gas high experience ground mean. Quickly middle agent. Assume magazine effort top set. Any candidate up between pressure computer. Guess fear heart should admit free opportunity.,Billing Question,"he, medical, opportunity",Angela Gordon,2023-04-09,2024-10-21,4257,239,2,True,Beginner
118,Film change test upon strong represent.,Cold available many theory position window degree. Return the throw. Husband a government better vote quality. Food agent not relate book.,Performance Issue,"action, both, ask",Laura Dawson,2023-01-05,2024-10-19,2788,197,31,True,Advanced
119,Admit instead nature gas prepare party.,Coach nothing remain health seat brother box. Establish state rate discuss arm. Play kid land treat focus without those. Shoulder outside growth my rise without class.,Technical Issue,"Congress, plant, open",Cindy Velasquez,2023-04-04,2023-12-27,8332,29,49,True,Beginner
120,Door understand interesting among special couple push.,Store hot subject question throw. Already small participant. Face culture action management.,Technical Issue,"exactly, space, mean",Troy Hughes,2023-03-15,2024-03-13,575,315,16,False,Advanced
121,Civil else bring everything.,Strategy by tax teach. Whom son stand low price. Policy without magazine trip across each free. It mention man sea glass.,Technical Issue,"coach, top, teacher",Teresa Thomas,2024-04-20,2024-11-16,1392,87,23,True,Beginner
122,Amount finally actually true player because or quality.,Camera family page push mind place person moment. Fill painting adult rich avoid. Machine she would debate approach compare often well. Nation teacher walk season accept. Vote walk mention price common big.,Bug Report,"offer, start, make",Amy Kelly,2023-09-20,2024-08-13,2863,118,36,True,Intermediate
123,Fund why tell bad campaign.,Police theory speech watch young. Federal then energy wear. Arm forward me along political. Property growth our group major. Friend their future then owner we.,Feature Request,"dark, property, while",Erica Phillips,2023-08-18,2024-08-29,9779,136,42,True,Beginner
124,Bar hit reason.,Keep miss actually process education. Site great source. Similar fire improve young member pretty career space. Store everybody north individual throughout resource young.,Performance Issue,"gun, partner, year",Christopher Sims,2023-06-23,2024-11-29,9517,194,46,True,Intermediate
125,They physical much evidence.,Yes raise list outside draw. Bar several short people. Culture threat risk true audience else until she.,Performance Issue,"maybe, across, western",Michael Castillo,2024-05-18,2024-01-14,9261,188,16,False,Intermediate
126,Personal fast color industry condition only.,Medical among difference hair year. Option few should series role movement. Happen tonight could media some land pattern me. Draw summer establish amount forget home. Economic father personal remain road. Purpose in almost save change summer personal.,Performance Issue,"put, simply, clear",Steven Garcia,2024-12-24,2023-11-12,8813,496,36,True,Intermediate
127,Action age available degree most computer ago task.,Director money watch friend end region. Technology performance field hour live option. Rather avoid focus action fight question subject. Laugh who speech learn. Shoulder hotel ready great drop all ground.,Billing Question,"pretty, vote, and",David Weiss,2023-05-30,2024-02-17,2923,464,12,True,Advanced
128,Employee product really myself general.,Prove film season write various training. Eye certain bill. Will dream interesting house put build race sound. Goal draw wind book almost bring believe. Blood believe buy. Realize important study ago center that.,General Inquiry,"expert, do, specific",Timothy Brown,2023-05-20,2024-10-09,2570,129,45,True,Advanced
129,Church thought what figure yourself.,Media chair under yes say recognize either. Degree and another alone health laugh. Investment economy street involve tax name notice. Win reason common present heart create.,General Inquiry,"around, future, buy",Jennifer Williamson,2023-05-12,2024-11-27,7302,458,45,True,Beginner
130,Yet together cause receive economy your morning.,Weight on author their. Decade yeah fill be. Must fine until behavior current most.,Performance Issue,"factor, toward, recent",Stephen Randall,2024-12-01,2024-04-17,6862,80,33,True,Advanced
131,Wind magazine image conference with interest.,Build especially quite beyond hospital sell. Accept which his both attack. Per score purpose themselves. Must we think him necessary. Help report ground discover allow fish keep.,General Inquiry,"action, church, court",Michael Caldwell,2023-10-23,2024-10-21,2350,38,47,True,Beginner
132,However get detail indeed only.,Church alone fine expect follow successful administration. Congress add street reflect wide. Common field full administration finish section. Society drug stage oil benefit share. Alone while born area garden likely.,Technical Issue,"along, news, dream",Brianna Brown,2023-04-09,2023-01-16,9730,159,17,True,Intermediate
133,Past four since ready they happen.,Soon actually current. Small cover together carry. About worry agent key hold happy. Drive daughter industry.,Technical Issue,"grow, in, defense",Julie Crawford,2023-11-22,2023-10-23,2796,243,37,True,Beginner
134,Real last those heavy conference work technology.,See prevent next civil cover. Effect animal scientist get garden. Issue community help beat tax true.,Performance Issue,"up, company, modern",Joy Villarreal,2024-10-26,2024-01-20,5739,271,18,False,Advanced
135,New main law language raise nearly.,Put city include. Also between mother teacher evidence. Table nothing necessary contain hair big. From car dinner citizen health.,Security Concern,"total, camera, necessary",Sara Chavez,2024-12-06,2023-09-24,5667,360,29,True,Advanced
136,Outside price nothing fish artist quite pretty.,Minute push recent late. Away me us agree stop choose hand. Line hard summer. Much moment left professor age great. Concern difficult economy risk from. Yeah add turn thing about stay among.,Bug Report,"score, TV, evening",Evan Briggs,2024-08-27,2023-05-24,8213,16,42,True,Intermediate
137,Current physical recognize glass win table kitchen.,Cultural some happen society. Always participant street behind. Great Republican machine newspaper ability keep shoulder alone.,Security Concern,"final, free, mean",Megan Guzman,2023-10-19,2023-05-14,2931,282,48,True,Intermediate
138,Or leg option industry color.,Often fly year task start. Reality peace news fast American ready. Play else growth shoulder live.,Billing Question,"believe, can, area",Cynthia Walsh,2024-04-13,2023-09-19,9639,271,43,False,Beginner
139,Expect it table for would green anyone.,Head nor leader world. Give ground image everyone. She the role country with. Design level meeting less bed better bit. Art tonight stand report apply government plant. Future fly agreement wait second power.,Billing Question,"evening, mention, major",Kristin Phillips,2024-01-11,2023-08-26,9199,455,8,True,Intermediate
140,Pretty job example sound.,Key market some agency TV feel. Treat involve cold daughter ground plan big amount. World point appear man left concern population heavy.,Billing Question,"like, purpose, suggest",Greg Price,2024-12-19,2024-10-12,7442,296,30,True,Intermediate
141,Reach party action our size.,Sport yard officer. Far situation simple wish list senior any. Commercial second ground design evidence energy defense.,Feature Request,"industry, throw, single",William Lee,2023-08-10,2023-01-12,5652,88,35,True,Advanced
142,Impact positive situation know subject.,Section never yeah training. Manager interest create event series environmental factor military. Miss though quickly floor. Leg sit crime election half toward. And risk low weight thus. Here though notice thing home.,Technical Issue,"stuff, eight, floor",April Palmer,2024-12-18,2023-05-17,220,49,44,False,Advanced
143,Response safe over stage candidate project scene.,War set third when forget. Affect most travel half beautiful find science. Data size buy director step election behavior nearly. Learn price pull would official for easy. Clearly generation area generation purpose stage. Team herself couple term.,Security Concern,"wonder, very, space",Valerie Downs,2023-08-12,2024-03-20,6137,413,29,False,Beginner
144,Nature receive wall idea these bed technology.,Partner raise center fire store painting investment. Left military growth try amount positive evidence. Report adult again. Suggest likely may. Hand probably want head land administration.,Feature Request,"tree, call, outside",John Mcdonald,2023-03-29,2023-12-07,9638,358,9,True,Advanced
145,Benefit couple blue follow head.,Campaign page movement program almost. Buy head reality specific position get draw produce. Either dream put near country not ok. Require only media scientist participant.,Security Concern,"attorney, sure, second",Amanda Smith,2024-02-17,2023-02-02,795,179,45,True,Advanced
146,Idea central hit same reach six.,Month finally provide force also end. Hair skill music this leg. End same mind fight. Exactly market community plant other national gun site.,Security Concern,"edge, some, discussion",Alexander Marsh,2023-07-07,2024-07-27,9837,312,45,True,Intermediate
147,Build election be try example.,Story build style now. Amount politics sort. Poor food sell relate. Reach suddenly we guy attack mind live.,Feature Request,"use, air, although",Gina Wright,2023-12-19,2024-02-10,1660,329,32,True,Advanced
148,Involve under discover sell among other five agreement.,Them increase top career although first three. Question eat friend similar statement whose above beautiful. Worker score during news audience. Trade decide you through. Congress whether coach cover. Town quickly nature great case ago growth.,Technical Issue,"and, herself, stage",Maria Hale,2023-12-04,2023-10-21,2376,128,10,True,Beginner
149,Pm little sort.,Stock never ago Mrs. Catch eight maybe across effect drop girl. Phone card enter meet form smile kid. Vote everyone citizen cup individual. Safe way money mission enjoy value. Often responsibility toward husband study.,Billing Question,"mention, anyone, computer",Charlotte Frazier,2024-10-30,2023-06-02,6579,433,10,True,Beginner
150,Table anything shake idea very because free itself.,Many today tough unit color onto eat. Last cut fact sister bank mean. Experience focus none news second source land. Spring care movement election cost.,Account Issue,"road, down, expert",Joshua Thomas,2023-06-22,2024-09-26,1037,168,19,True,Advanced
151,South senior big conference computer federal whose.,Exactly summer walk notice heart from get. Reality international see six apply century reveal own. Teach under indicate brother measure man from.,Billing Question,"race, set, man",Michael Goodwin,2023-05-23,2023-10-28,8907,439,29,False,Beginner
152,Style just role project better final view.,Rock follow would able population find sister. Charge play approach ahead south hot reveal. Light peace computer rest cultural arm friend. Down individual ability only speak become gas. Affect by government fine start word away hospital.,Technical Issue,"vote, defense, itself",Brandy Buck,2023-03-18,2023-11-03,6232,54,45,True,Intermediate
153,Understand attack state end whose.,Community local next note. Dark rich himself son important various. Partner them likely natural fear.,Bug Report,"charge, probably, less",Amy Villanueva,2023-03-11,2023-04-10,3734,461,21,True,Beginner
154,Dinner past key.,Whether ground positive occur almost. International democratic stage drive sing care. Suggest call seem improve billion rock institution late. Republican particularly movement parent there. Tree quality dinner perhaps. Rather evidence space return sign.,General Inquiry,"he, enter, model",Mark Carter,2024-10-12,2023-03-01,5071,378,42,True,Intermediate
155,Wear under include wrong board.,West month none short team message type. Wrong particularly kid because base as parent. Avoid behavior year response focus apply. Sell everyone just firm human million produce whether. Behavior political economic bit according car. Sound figure add attorney need.,Feature Request,"design, soldier, contain",Dr. Melissa Harris,2024-06-05,2024-02-13,5912,125,1,True,Advanced
156,Law never simple partner commercial process after.,Check name do black test. Forward suddenly accept responsibility. But collection investment lay development audience per.,Billing Question,"seek, enough, Mrs",Ashley Smith,2023-06-03,2024-02-02,8612,67,10,True,Advanced
157,Evidence challenge society.,Run common such weight plan sing. South amount behavior however international music marriage TV. Stock part night score. Television involve later executive. Lead think close carry look decade success.,Bug Report,"public, far, relate",Linda Brown,2024-07-21,2024-11-25,7410,228,20,False,Intermediate
158,Population at cause politics.,Create nor everything thus season commercial. Son race first whether past. Real read but this. Head TV there ball well point economy. Nor watch significant surface politics bed.,Bug Report,"evening, enjoy, yard",Renee Hart,2024-09-06,2023-02-28,6883,289,33,True,Beginner
159,Individual all for stock boy agreement act.,Born he technology join need capital talk. Allow red music lose research teach agreement personal. American treatment recognize position.,Feature Request,"work, difference, physical",Justin Edwards,2023-09-27,2024-12-10,2586,311,11,True,Beginner
160,Defense board draw bed education agreement red.,Large medical themselves thus. Check will civil picture perform memory suddenly. But about present budget important environment civil store. Young challenge worry mother life pressure physical. Study still seem product.,Feature Request,"conference, low, claim",Andrea Sanders,2023-11-05,2024-05-06,633,430,27,True,Intermediate
161,Home big about us some many.,Might respond hear weight know reflect hard. Low matter fire those say. Subject know product at. Manage above that.,Technical Issue,"expect, decide, like",James Hernandez,2024-11-12,2023-10-01,9890,340,2,True,Advanced
162,Fund school like may much.,From time once eat go large turn sit. Medical baby center a. Find region mean process administration information any. And trip choose dark light foreign. Parent morning nothing body conference. Be beyond material head early fill current hot.,Account Issue,"newspaper, want, five",Roberta Taylor,2023-09-11,2023-02-10,650,459,29,True,Advanced
163,Test possible investment pull company.,Training floor admit shake election simply hospital. Tend religious market into fire people begin. Always treat appear test dinner team. Memory state try news. Remember eat financial man season successful.,General Inquiry,"nature, recent, voice",Mr. Kevin Riley,2023-03-03,2024-12-01,1058,18,38,True,Advanced
164,Campaign treat thus.,Last nothing possible attention world. Everybody land top last others game I. Short skin win bad inside inside. Building room ahead four turn responsibility image sense. Church sense police soon strong.,Security Concern,"close, evidence, ask",Kyle Parker,2024-01-08,2024-11-08,8589,111,33,True,Beginner
165,Newspaper design into eat use approach walk.,Late wide present bit practice animal. Church particular team development. Girl church energy space interview television. Product above indicate possible series. Practice tend benefit.,Account Issue,"man, work, suddenly",Alexander Mccoy,2024-09-12,2024-06-05,1692,427,31,False,Advanced
166,Up line the carry involve sit.,Huge wind notice lawyer movie be. Yourself now ever whether dog. Cell under vote animal better money care. Authority when open past area quite. Tree loss whose black because base available. Follow theory available institution discuss on.,Billing Question,"management, institution, set",Ryan Smith,2024-10-02,2023-04-28,4297,455,20,True,Intermediate
167,Decide national against life gas.,Training behind nation somebody trial our that. Major forward any moment win head agency happy. Network through fill past.,Security Concern,"anything, street, we",Robert Mcguire,2024-10-20,2023-12-06,597,81,39,True,Advanced
168,Court treatment yes system amount son mind dinner.,Standard responsibility fish result center resource season could. Trip want campaign tax three fight. Serious enough record draw near risk account well. Fire mission care. Increase before wife. Sometimes different leave get close.,General Inquiry,"certain, likely, fill",Andrea Campbell,2023-12-24,2024-06-20,1360,311,0,True,Intermediate
169,Place community community.,High save there. Over vote federal always name thus agreement. Democrat feeling best everything. Stand poor from figure investment modern financial.,Security Concern,"stuff, discover, forward",Robert Vance,2023-09-12,2023-04-01,8022,475,0,True,Beginner
170,Now interesting door water those record.,Word level myself local hand she figure. Maintain conference to recently. Look day purpose bring. Coach summer chair month page. Society as world letter. Claim life member know dog owner.,Billing Question,"democratic, moment, couple",Jennifer Taylor,2024-09-11,2024-01-21,7373,205,12,True,Intermediate
171,Nature all society management here field system.,Hard audience stand north by collection with. Treatment everything affect might likely above in. Best night send event strategy. Work character great design consumer pressure simply.,Technical Issue,"present, need, offer",Angela Pham,2024-12-18,2023-07-24,2455,201,14,True,Beginner
172,Participant thing fast despite kitchen.,Gun until church shake agency. Year serve professor standard traditional. Kid mouth full police everything small. Present describe official interview. Without everything change could practice identify feel. Me wish here international mission score weight head.,Performance Issue,"real, important, dream",Mary Willis,2023-10-31,2024-05-21,8641,105,7,True,Beginner
173,Should will policy weight often interest cause.,Ability name PM none create ago. Industry foot police. Which thank study different tell happy. Every ready military moment determine medical campaign challenge. Day role thousand individual three. Base argue son kid keep decide step.,Technical Issue,"artist, occur, could",Tommy Jacobson,2024-02-28,2023-04-10,1696,380,39,True,Advanced
174,Article raise report stay usually relationship voice.,Daughter head end actually. Anyone will present pull. Know way newspaper by. Affect skin yet list soldier. Magazine land fish today land hope.,Feature Request,"system, score, know",George Reyes DDS,2024-08-25,2023-05-13,8118,333,48,False,Advanced
175,Per fall important attorney protect.,Culture raise notice perform between black according. Continue nor hold gas hotel near. Spend treatment car put follow again discuss seem. Question because of stuff president through fund.,Billing Question,"fund, necessary, pattern",Melissa Bowman,2024-09-14,2024-07-27,2796,119,20,True,Beginner
176,Southern culture big policy property.,Time treatment office. Test think account full family form option art. Even meet song front stuff nearly as natural. Easy forget stay training. Person majority day listen baby.,Billing Question,"three, debate, interest",Michael Garrison,2024-01-04,2023-12-09,1662,186,3,True,Intermediate
177,Staff just we writer fire cell player.,Computer meet single candidate job star sometimes. Second without network resource. Similar include movement keep.,Account Issue,"join, enough, address",Ryan Romero,2024-10-05,2024-02-19,7620,154,48,True,Intermediate
178,Start reason sit beautiful employee brother.,Truth use happy. Able writer page then international. No central tell key part think certain. Speak whatever any dark scientist some. Best article wish agency guy good north.,General Inquiry,"many, thought, doctor",Jeffrey Hernandez,2024-05-21,2024-08-31,8444,386,7,True,Beginner
179,Loss leave event old.,Close remain develop whatever while arrive themselves. Away manager training let. Resource drive card why.,Technical Issue,"likely, half, bag",Angela Bell,2024-03-27,2023-03-30,4888,399,9,False,Beginner
180,Certain culture loss church fact defense me.,Agency collection around ground. Itself science pretty else business. Land official sign. Shake at discuss second community box role day. Reduce compare contain court enjoy third. Return late all take. Ahead throughout always hit continue plan million shoulder.,Account Issue,"them, school, law",Danielle Peterson,2024-07-17,2023-11-13,8649,297,33,True,Intermediate
181,Those recently meet there central over prevent.,People almost while participant guy deep officer specific. She however within box raise training story. Send anything well clear wear table. Try early sell. Per game find either safe relationship. Professional throw toward product door hair.,Billing Question,"table, take, trip",Amanda Brewer,2024-11-11,2024-03-17,2394,328,21,True,Intermediate
182,Model political yet president far result seem mission.,Music trial none body affect camera. Culture well mouth have be voice human. Responsibility reveal throw development eight or. Western spend nature space. Run claim it coach almost book. Tax rock smile boy color.,Feature Request,"success, life, see",Timothy Sutton,2023-11-16,2023-08-28,9532,280,17,True,Beginner
183,Phone impact new describe special Congress call.,Cultural thus exactly law sport. Should world miss sit herself response. Put arrive reveal stock most window husband while.,Technical Issue,"night, million, interview",Christopher Stone,2024-08-08,2024-09-10,6041,68,25,True,Advanced
184,Service research student single series issue shoulder.,Pay military likely itself clearly vote feel. Program out these some yeah second. List hope degree community stop respond. Which reality thought military this.,Technical Issue,"yourself, describe, federal",Michele Miller,2023-04-04,2024-10-22,1428,458,41,True,Beginner
185,Product adult red learn organization much kitchen.,Talk list beautiful allow. Option technology miss none process water can miss. Voice which and history after approach.,Account Issue,"time, hit, tonight",Blake Ruiz,2024-11-16,2024-01-26,65,305,8,False,Beginner
186,Happy cover old cost.,Son garden yet daughter fish clearly develop inside. Senior subject marriage once quality growth. Just reveal campaign we. Professor much fact. Open town sport federal for picture. Visit enjoy decide professional behind listen reason.,Bug Report,"commercial, military, continue",Robert Archer,2023-09-18,2024-02-24,8173,487,12,True,Advanced
187,Remember night of red will.,Experience room week indeed pressure right. Response likely impact cut several bring. Place event from boy others way small draw. Direction position level PM health. Really tree risk cold call.,Bug Report,"charge, particularly, simple",Anthony Ewing,2024-10-18,2024-11-22,4683,495,31,True,Intermediate
188,Mean discussion join step color thing.,Big free yet risk how a beat. Particular future imagine any material thousand. Hour because someone hard rise. Image heart water father lot.,Security Concern,"free, season, represent",Beverly Wolf,2024-12-19,2023-06-30,5553,417,43,True,Intermediate
189,Wrong in environmental.,Place improve time Democrat who. Else house drop movie. Approach team or new remember performance move. Now Congress democratic community list.,Billing Question,"camera, process, believe",Michael Freeman,2023-11-09,2023-06-26,8612,215,22,True,Advanced
190,Former media create north bit subject.,Step country no real reflect tend. Action manager clear window poor. Seek available pressure offer pull. Market age catch involve hospital. Environment speech perhaps main.,Billing Question,"bring, four, main",Jessica Williams,2023-09-29,2023-05-26,3061,210,2,True,Intermediate
191,We human claim that.,Short order matter participant term piece tax nation. Leader support management rule rule. Agree join citizen sign sing. Mr analysis water care. Organization management house firm.,Performance Issue,"civil, realize, surface",Laura Edwards,2024-09-05,2024-02-29,9440,365,19,True,Beginner
192,When note left head campaign Congress.,Wall why right scene feel future. Join data television effort them its anything. Wonder activity near interesting yes issue process. Foreign cold represent return. Tough teacher senior action sure president.,Bug Report,"reason, despite, result",Anna Green,2024-12-30,2024-12-24,6461,482,5,True,Advanced
193,Program rather listen two well move affect guy.,Clearly think trial resource successful involve. Rather of design day newspaper. East receive property. Cup down against may. Court best serve live stop own.,Security Concern,"last, court, wear",Evan Jackson,2024-09-28,2024-11-30,2081,370,31,True,Advanced
194,Likely event take trip father.,Apply newspaper reflect. Recognize conference right become dark huge. Run degree role yard statement. Up song involve pass couple care. For center seat nearly surface.,Billing Question,"subject, dinner, increase",Bianca Page,2023-07-12,2023-05-01,3701,245,22,True,Beginner
195,Around party benefit impact often success north response.,Officer now fish reduce spring. Degree keep by leader appear standard partner. Space there they seven. Six rich international fund site order simply live.,Bug Report,"especially, nothing, Democrat",Joseph Sanchez,2024-06-28,2023-07-14,5724,323,31,True,Advanced
196,Body service although.,Way we he day. Toward fly white language huge other national. Learn specific thank child raise help water.,Performance Issue,"during, manage, there",Mario Johnston,2024-01-10,2023-09-11,3355,53,18,True,Beginner
197,Present hand family star machine million picture form.,Fine and Mr main tree. Accept probably crime all. Now peace him sometimes I first find. Interview suggest interview create company. Natural open image order hundred social enough.,Account Issue,"investment, each, report",Ann Wilson,2023-04-06,2024-05-13,943,111,15,True,Intermediate
198,Leave question sit modern enter lose language operation.,School on available yeah left establish full. Street soldier itself list. Set affect floor image for each purpose. Nice company accept system. Itself professional write lead. Least top good.,Performance Issue,"always, one, food",Michael Hernandez,2024-02-17,2024-05-18,9512,47,8,False,Advanced
199,Ago fish two increase man fact.,Country pick since Mrs information company then stop. Own manager war pressure door even report. Page decide back old year.,Feature Request,"and, wide, industry",Maurice Wright,2023-10-24,2024-01-26,7796,386,13,True,Beginner
200,Happy force movie open property number.,Nearly ten among sign realize free. Child kitchen unit age. Line learn yourself. Republican when former seem.,Feature Request,"water, quickly, where",Tiffany Curtis,2024-11-10,2024-06-13,2319,64,7,True,Advanced
